Label (Grouping),Total:,Hispanic or Latino,White alone,Black or African American alone,American Indian and Alaska Native alone,Asian alone,Native Hawaiian and Other Pacific Islander alone,Some Other Race alone,Two or More Races:,total_pop,total_white,total_black,total_asian,total_other,total_hispanic,white_pct,black_pct,asian_pct,other_pct,hispanic_pct,near_hblr,near_path
"Census Tract 1, Hudson County, New Jersey","6,025","2,458","1,437",253,15,"1,693",9,32,128,6025.0,1437.0,253.0,1693.0,32.0,2458.0,23.850622406639005,4.199170124481328,28.099585062240664,0.5311203319502075,40.796680497925315,False,False
"Census Tract 2, Hudson County, New Jersey","5,409","3,362",987,310,12,630,0,31,77,5409.0,987.0,310.0,630.0,31.0,3362.0,18.24736550194121,5.731188759474949,11.647254575707153,0.5731188759474949,62.15566648178961,False,False
"Census Tract 3, Hudson County, New Jersey","4,220 (r46394)","2,346","1,267",177,10,312,0,35,73,4220.0,1267.0,177.0,312.0,35.0,2346.0,30.023696682464458,4.194312796208531,7.393364928909953,0.8293838862559242,55.59241706161138,True,False
"Census Tract 4, Hudson County, New Jersey","3,991","1,297","1,013",205,10,"1,297",0,39,130,3991.0,1013.0,205.0,1297.0,39.0,1297.0,25.382109746930592,5.136557253821097,32.4981207717364,0.9771986970684038,32.4981207717364,False,False
"Census Tract 5, Hudson County, New Jersey","4,311 (r46395)","1,928",977,224,10,"1,062",0,48,62,4311.0,977.0,224.0,1062.0,48.0,1928.0,22.66295523080492,5.196010206448619,24.63465553235908,1.1134307585247043,44.72280213407562,False,False
"Census Tract 6, Hudson County, New Jersey","5,750 (r46396)","2,494","1,373",366,11,"1,303",1,38,164,5750.0,1373.0,366.0,1303.0,38.0,2494.0,23.878260869565217,6.365217391304348,22.660869565217393,0.6608695652173914,43.37391304347826,False,False
"Census Tract 7, Hudson County, New Jersey","3,486 (r46397)","1,965",862,178,4,393,0,33,51,3486.0,862.0,178.0,393.0,33.0,1965.0,24.72748135398738,5.1061388410786,11.273666092943202,0.9466437177280551,56.36833046471601,False,False
"Census Tract 8, Hudson County, New Jersey","3,900 (r46398)","2,150","1,021",253,12,345,0,58,61,3900.0,1021.0,253.0,345.0,58.0,2150.0,26.179487179487182,6.487179487179487,8.846153846153847,1.4871794871794872,55.12820512820513,True,False
"Census Tract 9.02, Hudson County, New Jersey","6,100",980,"1,724",361,10,"2,802",6,39,178,6100.0,1724.0,361.0,2802.0,39.0,980.0,28.262295081967213,5.918032786885246,45.9344262295082,0.6393442622950819,16.065573770491802,False,True
"Census Tract 10, Hudson County, New Jersey","1,986",570,624,91,1,631,0,15,54,1986.0,624.0,91.0,631.0,15.0,570.0,31.419939577039273,4.582074521651561,31.772406847935546,0.7552870090634441,28.700906344410875,False,False
"Census Tract 11, Hudson County, New Jersey","5,409 (r46399)","2,299","1,330",395,13,"1,195",2,70,105,5409.0,1330.0,395.0,1195.0,70.0,2299.0,24.588648548715106,7.302643741911628,22.092808282492143,1.2941393973007949,42.50323534849325,False,False
"Census Tract 12.01, Hudson County, New Jersey","2,158",476,346,124,11,"1,103",0,21,77,2158.0,346.0,124.0,1103.0,21.0,476.0,16.033364226135312,5.746061167747914,51.11214087117701,0.9731232622798889,22.057460611677477,False,False
"Census Tract 12.02, Hudson County, New Jersey","1,357",472,198,289,4,336,1,14,43,1357.0,198.0,289.0,336.0,14.0,472.0,14.591009579955786,21.296978629329402,24.760501105379515,1.0316875460574797,34.78260869565217,False,True
"Census Tract 13, Hudson County, New Jersey","2,913 (r46400)","1,445",839,189,5,372,3,7,53,2913.0,839.0,189.0,372.0,7.0,1445.0,28.80192241675249,6.488156539649846,12.770339855818744,0.2403020940611054,49.605217988328185,False,False
"Census Tract 14, Hudson County, New Jersey","3,738 (r46401)","1,752",749,294,12,797,3,35,96,3738.0,749.0,294.0,797.0,35.0,1752.0,20.037453183520597,7.865168539325842,21.321562332798287,0.9363295880149813,46.869983948635635,False,False
"Census Tract 17.01, Hudson County, New Jersey","4,257","1,025",752,854,8,"1,482",2,34,100,4257.0,752.0,854.0,1482.0,34.0,1025.0,17.665022316185105,20.061075875029363,34.81324876673714,0.7986845196147521,24.077989194268266,False,False
"Census Tract 18, Hudson County, New Jersey","4,031","1,288",850,529,9,"1,213",4,35,103,4031.0,850.0,529.0,1213.0,35.0,1288.0,21.08657901265195,13.123294467873977,30.09178863805507,0.8682709005209625,31.95236913917142,False,False
"Census Tract 19, Hudson County, New Jersey","1,518 (r46402)",220,268,72,5,912,0,12,29,1518.0,268.0,72.0,912.0,12.0,220.0,17.654808959156785,4.743083003952568,60.079051383399204,0.7905138339920948,14.492753623188406,False,True
"Census Tract 20, Hudson County, New Jersey","4,340",913,"1,392",359,13,"1,523",2,32,106,4340.0,1392.0,359.0,1523.0,32.0,913.0,32.07373271889401,8.271889400921658,35.09216589861751,0.7373271889400922,21.036866359447004,False,True
"Census Tract 22, Hudson County, New Jersey","1,681",419,913,115,1,190,1,3,39,1681.0,913.0,115.0,190.0,3.0,419.0,54.31290898274837,6.841165972635337,11.302795954788817,0.1784651992861392,24.925639500297443,False,False
"Census Tract 23, Hudson County, New Jersey","2,133 (r46403)",620,992,137,0,331,0,7,46,2133.0,992.0,137.0,331.0,7.0,620.0,46.507266760431314,6.422878574777309,15.518049695264885,0.32817627754336615,29.067041725269572,False,False
"Census Tract 24, Hudson County, New Jersey","2,309 (r46404)",335,"1,422",146,0,298,5,16,87,2309.0,1422.0,146.0,298.0,16.0,335.0,61.585101775660455,6.323083585967952,12.906019922044177,0.6929406669553919,14.508445214378519,False,False
"Census Tract 27, Hudson County, New Jersey","4,815 (r46405)","1,578",697,"1,013",27,"1,283",5,95,117,4815.0,697.0,1013.0,1283.0,95.0,1578.0,14.475597092419523,21.03842159916926,26.64589823468328,1.9730010384215992,32.77258566978193,False,False
"Census Tract 28, Hudson County, New Jersey","5,671 (r46406)","1,738","1,679",989,12,978,4,87,184,5671.0,1679.0,989.0,978.0,87.0,1738.0,29.606771292540994,17.439605007935107,17.245635690354437,1.534120966319873,30.647152177746428,False,False
"Census Tract 29, Hudson County, New Jersey","3,923 (r46407)",781,"1,125",571,2,"1,293",2,37,112,3923.0,1125.0,571.0,1293.0,37.0,781.0,28.677032882997704,14.555187356614836,32.959469793525365,0.9431557481519245,19.908233494774407,False,False
"Census Tract 30, Hudson County, New Jersey","3,165","1,182",574,677,4,638,1,24,65,3165.0,574.0,677.0,638.0,24.0,1182.0,18.135860979462876,21.390205371248026,20.15797788309637,0.7582938388625593,37.345971563981045,False,False
"Census Tract 31, Hudson County, New Jersey","4,094","1,270",869,608,8,"1,181",0,15,143,4094.0,869.0,608.0,1181.0,15.0,1270.0,21.22618466047875,14.851001465559355,28.847093307278943,0.3663898387884709,31.021006350757208,False,False
"Census Tract 35, Hudson County, New Jersey","1,937 (r46408)",672,848,209,2,161,2,6,37,1937.0,848.0,209.0,161.0,6.0,672.0,43.779039752194116,10.789881259679918,8.311822405782138,0.3097573567372225,34.69282395456892,False,True
"Census Tract 40, Hudson County, New Jersey","5,286 (r46409)","1,217",700,"1,095",21,"1,992",11,130,120,5286.0,700.0,1095.0,1992.0,130.0,1217.0,13.242527430949677,20.715096481271285,37.684449489216796,2.4593265228906547,23.023079833522512,False,False
"Census Tract 41.01, Hudson County, New Jersey","6,576","2,147","1,302","2,052",6,836,6,50,177,6576.0,1302.0,2052.0,836.0,50.0,2147.0,19.7992700729927,31.204379562043794,12.712895377128955,0.7603406326034063,32.64902676399027,False,False
"Census Tract 41.02, Hudson County, New Jersey","2,874",909,195,"1,509",3,195,0,18,45,2874.0,195.0,1509.0,195.0,18.0,909.0,6.784968684759916,52.505219206680586,6.784968684759916,0.6263048016701461,31.62839248434238,False,False
"Census Tract 42, Hudson County, New Jersey","4,632","1,371",316,"2,148",17,543,0,100,137,4632.0,316.0,2148.0,543.0,100.0,1371.0,6.822107081174439,46.373056994818654,11.72279792746114,2.158894645941278,29.598445595854923,True,False
"Census Tract 43, Hudson County, New Jersey","2,214 (r46410)",344,179,"1,575",4,34,1,12,65,2214.0,179.0,1575.0,34.0,12.0,344.0,8.084914182475158,71.13821138211382,1.5356820234869015,0.5420054200542005,15.537488708220415,False,False
"Census Tract 44, Hudson County, New Jersey","2,406",373,40,"1,925",7,6,0,16,39,2406.0,40.0,1925.0,6.0,16.0,373.0,1.6625103906899419,80.00831255195345,0.24937655860349126,0.6650041562759768,15.502909393183709,True,False
"Census Tract 45, Hudson County, New Jersey","3,922",857,182,"2,729",10,62,0,20,62,3922.0,182.0,2729.0,62.0,20.0,857.0,4.640489546149924,69.58184599694034,1.580826109127996,0.5099439061703213,21.851096379398268,True,False
"Census Tract 46, Hudson County, New Jersey","2,229","1,140",161,879,4,14,0,7,24,2229.0,161.0,879.0,14.0,7.0,1140.0,7.222969941677883,39.43472409152086,0.6280843427545985,0.31404217137729923,51.14401076716016,True,False
"Census Tract 47, Hudson County, New Jersey","2,591 (r46411)","1,195",344,872,9,113,0,6,52,2591.0,344.0,872.0,113.0,6.0,1195.0,13.27672713238132,33.65495947510614,4.361250482439213,0.23157082207641835,46.12118873021999,True,False
"Census Tract 48, Hudson County, New Jersey","4,208",908,695,"1,019",12,"1,369",2,63,140,4208.0,695.0,1019.0,1369.0,63.0,908.0,16.51615969581749,24.21577946768061,32.53326996197718,1.497148288973384,21.577946768060837,True,False
"Census Tract 49, Hudson County, New Jersey","3,995",807,262,"1,979",7,746,0,113,81,3995.0,262.0,1979.0,746.0,113.0,807.0,6.55819774718398,49.5369211514393,18.67334167709637,2.8285356695869837,20.200250312891114,True,False
"Census Tract 52, Hudson County, New Jersey","4,369 (r46412)",682,571,"2,712",18,284,0,16,86,4369.0,571.0,2712.0,284.0,16.0,682.0,13.069352254520487,62.07370107576104,6.500343327992677,0.3662165255207141,15.609979400320439,False,False
"Census Tract 53, Hudson County, New Jersey","3,053",594,65,"2,287",5,39,0,22,41,3053.0,65.0,2287.0,39.0,22.0,594.0,2.1290533901080906,74.90992466426466,1.2774320340648542,0.7206026858827383,19.456272518833934,True,False
"Census Tract 54, Hudson County, New Jersey","6,161 (r46413)",922,"1,054","1,959",11,"1,972",3,97,143,6161.0,1054.0,1959.0,1972.0,97.0,922.0,17.107612400584323,31.796786236000653,32.00779094302873,1.574419737055673,14.965103067683819,False,False
"Census Tract 55, Hudson County, New Jersey","2,484 (r46414)",390,11,"2,022",11,14,0,0,36,2484.0,11.0,2022.0,14.0,0.0,390.0,0.44283413848631237,81.40096618357488,0.5636070853462157,0.0,15.70048309178744,True,False
"Census Tract 56, Hudson County, New Jersey","3,704",811,324,"1,521",7,775,2,117,147,3704.0,324.0,1521.0,775.0,117.0,811.0,8.74730021598272,41.063714902807774,20.92332613390929,3.1587473002159827,21.89524838012959,False,False
"Census Tract 58.01, Hudson County, New Jersey","4,833 (r46415)",776,92,"3,783",11,60,1,27,83,4833.0,92.0,3783.0,60.0,27.0,776.0,1.903579557210842,78.27436374922408,1.2414649286157666,0.5586592178770949,16.056279743430583,True,False
"Census Tract 58.02, Hudson County, New Jersey","1,577",132,953,67,0,371,3,12,39,1577.0,953.0,67.0,371.0,12.0,132.0,60.431198478123015,4.2485732403297405,23.52568167406468,0.7609384908053266,8.370323398858591,False,False
"Census Tract 59, Hudson County, New Jersey","7,257 (r46416)","1,625","1,398","1,458",21,"2,373",5,156,221,7257.0,1398.0,1458.0,2373.0,156.0,1625.0,19.264158743282348,20.090946672178585,32.69946258784622,2.149648615130219,22.392173074273117,False,False
"Census Tract 60, Hudson County, New Jersey","4,308 (r46417)","1,121",162,"2,729",14,154,0,36,92,4308.0,162.0,2729.0,154.0,36.0,1121.0,3.7604456824512535,63.347260909935,3.574744661095636,0.8356545961002786,26.021355617455892,True,False
"Census Tract 61, Hudson County, New Jersey","6,745","1,565","1,214","1,913",18,"1,732",2,107,194,6745.0,1214.0,1913.0,1732.0,107.0,1565.0,17.99851742031134,28.36174944403262,25.678280207561155,1.586360266864344,23.202372127501853,False,False
"Census Tract 62, Hudson County, New Jersey","3,649 (r46418)","1,180",375,"1,544",16,372,0,80,82,3649.0,375.0,1544.0,372.0,80.0,1180.0,10.276788161140038,42.31296245546725,10.194573855850917,2.1923814743765413,32.33762674705399,True,False
"Census Tract 63, Hudson County, New Jersey","4,293 (r46419)","1,477",539,"1,740",20,316,2,74,125,4293.0,539.0,1740.0,316.0,74.0,1477.0,12.5553226182157,40.53109713487072,7.360819939436292,1.7237363149312834,34.40484509666899,True,False
"Census Tract 64, Hudson County, New Jersey","3,101 (r46420)",750,"1,616",212,3,421,0,15,84,3101.0,1616.0,212.0,421.0,15.0,750.0,52.11222186391487,6.836504353434377,13.576265720735247,0.4837149306675266,24.185746533376328,False,True
"Census Tract 65, Hudson County, New Jersey","1,843",709,652,263,12,154,0,6,47,1843.0,652.0,263.0,154.0,6.0,709.0,35.37710255018991,14.270211611502983,8.355941399891481,0.32555615843733043,38.469886055344546,False,False
"Census Tract 66, Hudson County, New Jersey","1,446",79,214,40,0,"1,079",0,4,30,1446.0,214.0,40.0,1079.0,4.0,79.0,14.79944674965422,2.7662517289073305,74.61964038727524,0.2766251728907331,5.463347164591978,False,False
"Census Tract 67, Hudson County, New Jersey","3,519 (r46421)","1,227",69,"2,135",7,53,0,4,24,3519.0,69.0,2135.0,53.0,4.0,1227.0,1.9607843137254901,60.670645069622054,1.5061096902529127,0.11366865586814436,34.86786018755328,False,False
"Census Tract 68, Hudson County, New Jersey","3,343 (r46422)",545,45,"2,637",15,9,0,25,67,3343.0,45.0,2637.0,9.0,25.0,545.0,1.3460963206700567,78.88124439126533,0.26921926413401137,0.7478312892611426,16.30272210589291,True,False
"Census Tract 69, Hudson County, New Jersey",81,31,23,26,0,1,0,0,0,,,,,,,,,,,,False,False
"Census Tract 70, Hudson County, New Jersey","3,944","1,240","1,356",271,11,952,2,17,95,3944.0,1356.0,271.0,952.0,17.0,1240.0,34.38133874239351,6.871196754563895,24.137931034482758,0.43103448275862066,31.44016227180527,False,True
"Census Tract 71, Hudson County, New Jersey","3,280 (r46423)",809,961,368,9,988,1,31,113,3280.0,961.0,368.0,988.0,31.0,809.0,29.298780487804876,11.219512195121952,30.121951219512194,0.9451219512195121,24.664634146341463,False,True
"Census Tract 72, Hudson County, New Jersey","2,160 (r46424)",232,"1,054",180,4,634,0,8,48,2160.0,1054.0,180.0,634.0,8.0,232.0,48.7962962962963,8.333333333333332,29.35185185185185,0.3703703703703704,10.74074074074074,False,False
"Census Tract 73, Hudson County, New Jersey","1,034",62,564,40,1,347,0,4,16,1034.0,564.0,40.0,347.0,4.0,62.0,54.54545454545454,3.8684719535783367,33.558994197292066,0.3868471953578337,5.996131528046422,True,False
"Census Tract 74, Hudson County, New Jersey","4,141",313,"2,248",157,1,"1,286",0,16,120,4141.0,2248.0,157.0,1286.0,16.0,313.0,54.28640425018112,3.7913547452306204,31.05530065201642,0.38638010142477663,7.558560734122192,True,True
"Census Tract 75, Hudson County, New Jersey","5,044",545,"2,045",400,11,"1,897",1,24,121,5044.0,2045.0,400.0,1897.0,24.0,545.0,40.54321966693101,7.9302141157811255,37.60904044409199,0.47581284694686754,10.804916732751785,True,True
"Census Tract 76, Hudson County, New Jersey","5,690",354,"1,827",176,6,"3,159",0,37,131,5690.0,1827.0,176.0,3159.0,37.0,354.0,32.10896309314587,3.093145869947276,55.518453427065026,0.6502636203866432,6.221441124780316,True,True
"Census Tract 77, Hudson County, New Jersey","9,618",401,"1,986",353,21,"6,671",0,29,157,9618.0,1986.0,353.0,6671.0,29.0,401.0,20.648783530879598,3.670201705136203,69.35953420669578,0.30151798710750677,4.169265959658973,True,True
"Census Tract 78, Hudson County, New Jersey","1,360",381,314,297,2,329,0,6,31,1360.0,314.0,297.0,329.0,6.0,381.0,23.08823529411765,21.83823529411765,24.191176470588236,0.4411764705882353,28.014705882352942,False,False
"Census Tract 101, Hudson County, New Jersey","5,614","1,471","2,820",447,4,711,1,22,138,5614.0,2820.0,447.0,711.0,22.0,1471.0,50.23156394727467,7.9622372639828995,12.664766654791592,0.3918774492340577,26.202351264695405,False,False
"Census Tract 102, Hudson County, New Jersey","3,151",760,"1,815",225,1,265,3,31,51,3151.0,1815.0,225.0,265.0,31.0,760.0,57.60076166296414,7.140590288797208,8.410028562361155,0.9838146620120596,24.11932719771501,True,False
"Census Tract 103, Hudson County, New Jersey","2,774",746,"1,493",279,3,209,1,10,33,2774.0,1493.0,279.0,209.0,10.0,746.0,53.82119682768566,10.057678442682047,7.534246575342466,0.3604902667627974,26.892573900504686,True,False
"Census Tract 104, Hudson County, New Jersey","3,780",865,"2,216",276,1,345,1,9,67,3780.0,2216.0,276.0,345.0,9.0,865.0,58.62433862433862,7.301587301587302,9.126984126984127,0.2380952380952381,22.883597883597883,True,False
"Census Tract 105, Hudson County, New Jersey","5,208","1,048","3,315",281,7,466,1,20,70,5208.0,3315.0,281.0,466.0,20.0,1048.0,63.6520737327189,5.395545314900153,8.947772657450077,0.38402457757296465,20.12288786482335,False,False
"Census Tract 106, Hudson County, New Jersey","6,544","1,661","3,797",339,7,595,0,29,116,6544.0,3797.0,339.0,595.0,29.0,1661.0,58.02261613691931,5.180317848410758,9.092298288508557,0.4431540342298288,25.3820293398533,False,False
"Census Tract 107, Hudson County, New Jersey","3,693 (r46425)","1,100","1,948",295,8,268,2,9,63,3693.0,1948.0,295.0,268.0,9.0,1100.0,52.74844300027078,7.988085567289467,7.256972650961278,0.2437043054427295,29.786081776333607,True,False
"Census Tract 108, Hudson County, New Jersey","3,143",907,"1,720",163,3,287,1,7,55,3143.0,1720.0,163.0,287.0,7.0,907.0,54.72478523703468,5.186127903277124,9.131403118040089,0.22271714922048996,28.857779191854917,False,False
"Census Tract 109, Hudson County, New Jersey","2,144",569,"1,158",213,2,150,0,12,40,2144.0,1158.0,213.0,150.0,12.0,569.0,54.01119402985075,9.934701492537314,6.996268656716417,0.5597014925373134,26.53917910447761,True,False
"Census Tract 110, Hudson County, New Jersey","2,287",851,831,303,5,223,0,26,48,2287.0,831.0,303.0,223.0,26.0,851.0,36.335811106252734,13.24879755137735,9.75076519457805,1.1368605159597727,37.210319195452556,True,False
"Census Tract 111, Hudson County, New Jersey","4,593","1,667","1,939",492,10,346,0,19,120,4593.0,1939.0,492.0,346.0,19.0,1667.0,42.21641628565208,10.711952971913782,7.533202699760505,0.4136729806226867,36.29436098410625,False,False
"Census Tract 112, Hudson County, New Jersey","6,432","1,311","4,381",255,4,341,0,24,116,6432.0,4381.0,255.0,341.0,24.0,1311.0,68.11256218905473,3.9645522388059704,5.301616915422885,0.3731343283582089,20.382462686567166,True,False
"Census Tract 113, Hudson County, New Jersey","2,920",858,"1,613",235,3,167,0,4,40,2920.0,1613.0,235.0,167.0,4.0,858.0,55.23972602739726,8.047945205479452,5.719178082191781,0.136986301369863,29.383561643835616,True,False
"Census Tract 114, Hudson County, New Jersey","3,388",690,"2,331",172,1,150,0,3,41,3388.0,2331.0,172.0,150.0,3.0,690.0,68.80165289256198,5.076741440377805,4.427390791027155,0.0885478158205431,20.365997638724913,True,False
"Census Tract 115, Hudson County, New Jersey","3,173",692,"2,228",93,3,121,0,4,32,3173.0,2228.0,93.0,121.0,4.0,692.0,70.2174598172077,2.9309801449732116,3.8134257800189095,0.12606366214938544,21.80901355184368,True,False
"Census Tract 116, Hudson County, New Jersey","4,180","1,055","2,216",662,4,159,0,5,79,4180.0,2216.0,662.0,159.0,5.0,1055.0,53.014354066985646,15.83732057416268,3.8038277511961724,0.11961722488038277,25.239234449760765,False,False
"Census Tract 123, Hudson County, New Jersey","2,206",717,"1,214",51,4,148,0,25,47,2206.0,1214.0,51.0,148.0,25.0,717.0,55.031731640979146,2.3118766999093383,6.708975521305531,1.1332728921124207,32.502266545784224,False,False
"Census Tract 124, Hudson County, New Jersey","3,191",734,"2,287",29,0,103,1,16,21,3191.0,2287.0,29.0,103.0,16.0,734.0,71.6703227828267,0.9088060169225948,3.22782826700094,0.5014102162331557,23.00219366969602,False,False
"Census Tract 125, Hudson County, New Jersey","3,754","1,080","2,382",50,7,160,0,27,48,3754.0,2382.0,50.0,160.0,27.0,1080.0,63.45231752797017,1.3319126265316994,4.262120404901439,0.7192328183271177,28.76931273308471,False,False
"Census Tract 126, Hudson County, New Jersey","3,472","1,230","1,909",60,3,142,0,57,71,3472.0,1909.0,60.0,142.0,57.0,1230.0,54.98271889400922,1.7281105990783412,4.089861751152074,1.6417050691244237,35.426267281105986,False,False
"Census Tract 127, Hudson County, New Jersey","7,186","2,586","3,049","1,203",6,162,18,67,95,7186.0,3049.0,1203.0,162.0,67.0,2586.0,42.42972446423601,16.740885054272194,2.2543835235179515,0.9323684942944616,35.986640690231006,False,False
"Census Tract 128, Hudson County, New Jersey","4,118","1,611","2,139",63,4,140,0,107,54,4118.0,2139.0,63.0,140.0,107.0,1611.0,51.94269062651773,1.52986886838271,3.3997085964060223,2.59834871296746,39.120932491500724,False,False
"Census Tract 129, Hudson County, New Jersey","3,919","1,779","1,812",59,9,147,0,79,34,3919.0,1812.0,59.0,147.0,79.0,1779.0,46.236284766522076,1.5054860933911711,3.7509568767542736,2.015820362337331,45.39423322276091,False,False
"Census Tract 130, Hudson County, New Jersey","3,393","1,916","1,200",45,2,143,2,33,52,3393.0,1200.0,45.0,143.0,33.0,1916.0,35.36693191865606,1.3262599469496021,4.21455938697318,0.9725906277630416,56.46920129678751,False,False
"Census Tract 131, Hudson County, New Jersey","2,043",923,940,33,1,83,0,31,32,2043.0,940.0,33.0,83.0,31.0,923.0,46.01076847772883,1.6152716593245229,4.062652961331375,1.5173764072442486,45.1786588350465,False,False
"Census Tract 132, Hudson County, New Jersey","4,201","2,322","1,493",64,6,211,1,51,53,4201.0,1493.0,64.0,211.0,51.0,2322.0,35.53915734348965,1.5234467983813378,5.022613663413473,1.2139966674601286,55.272554153772916,False,False
"Census Tract 133, Hudson County, New Jersey","3,201","1,355","1,391",64,1,307,0,30,53,3201.0,1391.0,64.0,307.0,30.0,1355.0,43.455170259293965,1.9993751952514838,9.590752889721962,0.937207122774133,42.33052171196501,False,False
"Census Tract 134, Hudson County, New Jersey","2,406","1,477",668,17,2,188,0,30,24,2406.0,668.0,17.0,188.0,30.0,1477.0,27.763923524522028,0.7065669160432253,7.813798836242726,1.2468827930174564,61.3881961762261,False,False
"Census Tract 135, Hudson County, New Jersey","4,531","1,999","1,824",57,2,522,0,69,58,4531.0,1824.0,57.0,522.0,69.0,1999.0,40.256014124917236,1.2580004414036636,11.520635621275657,1.5228426395939088,44.118296181858305,False,False
"Census Tract 136, Hudson County, New Jersey","2,144","1,155",596,17,3,331,1,22,19,2144.0,596.0,17.0,331.0,22.0,1155.0,27.798507462686565,0.792910447761194,15.438432835820896,1.0261194029850746,53.87126865671642,False,False
"Census Tract 137, Hudson County, New Jersey","2,448","1,330",697,38,1,315,0,32,35,2448.0,697.0,38.0,315.0,32.0,1330.0,28.47222222222222,1.5522875816993464,12.867647058823529,1.3071895424836601,54.33006535947712,False,False
"Census Tract 138, Hudson County, New Jersey","1,763",654,579,28,0,424,0,47,31,1763.0,579.0,28.0,424.0,47.0,654.0,32.84174702212138,1.588201928530913,24.049914917753828,2.665910380034033,37.09585933068633,False,False
"Census Tract 139, Hudson County, New Jersey","2,734",879,"1,122",33,0,606,1,64,29,2734.0,1122.0,33.0,606.0,64.0,879.0,41.038771031455745,1.207022677395757,22.165325530358448,2.3408924652523777,32.15069495245062,False,False
"Census Tract 140, Hudson County, New Jersey","5,020","3,656","1,009",78,9,184,6,26,52,5020.0,1009.0,78.0,184.0,26.0,3656.0,20.0996015936255,1.5537848605577689,3.6653386454183265,0.5179282868525896,72.82868525896414,False,False
"Census Tract 141.01, Hudson County, New Jersey","3,577",786,"1,790",143,3,783,0,21,51,3577.0,1790.0,143.0,783.0,21.0,786.0,50.041934582051994,3.9977634889572267,21.889851831143417,0.5870841487279843,21.973720995247415,False,False
"Census Tract 141.02, Hudson County, New Jersey","5,060","2,799","1,710",155,0,297,1,18,80,5060.0,1710.0,155.0,297.0,18.0,2799.0,33.794466403162055,3.0632411067193677,5.869565217391305,0.3557312252964427,55.31620553359684,False,False
"Census Tract 142, Hudson County, New Jersey","5,776","4,348","1,049",88,9,226,3,20,33,5776.0,1049.0,88.0,226.0,20.0,4348.0,18.161357340720222,1.5235457063711912,3.9127423822714684,0.3462603878116343,75.2770083102493,False,False
"Census Tract 143, Hudson County, New Jersey","5,741","4,402","1,004",52,2,182,0,15,84,5741.0,1004.0,52.0,182.0,15.0,4402.0,17.488242466469256,0.9057655460721129,3.1701794112523953,0.2612785229054172,76.6765371886431,False,False
"Census Tract 144, Hudson County, New Jersey","8,161","5,677","1,808",126,13,416,2,30,89,8161.0,1808.0,126.0,416.0,30.0,5677.0,22.154147776007843,1.5439284401421394,5.0974145325327775,0.3676020095576522,69.5625536086264,False,False
"Census Tract 145.01, Hudson County, New Jersey","6,249","4,480","1,302",80,9,313,0,19,46,6249.0,1302.0,80.0,313.0,19.0,4480.0,20.83533365338454,1.2802048327732436,5.008801408225317,0.3040486477836454,71.69147063530164,False,False
"Census Tract 145.02, Hudson County, New Jersey","3,458","2,485",844,41,3,61,0,11,13,3458.0,844.0,41.0,61.0,11.0,2485.0,24.40717177559283,1.1856564488143435,1.7640254482359747,0.31810294968189706,71.86234817813765,False,False
"Census Tract 146, Hudson County, New Jersey","3,757","2,972",558,38,0,142,0,13,34,3757.0,558.0,38.0,142.0,13.0,2972.0,14.85227575192973,1.0114453021027414,3.7796113920681393,0.34602076124567477,79.1056694170881,True,False
"Census Tract 147, Hudson County, New Jersey","4,863","3,723",741,114,5,226,6,15,33,4863.0,741.0,114.0,226.0,15.0,3723.0,15.237507711289327,2.344231955582974,4.647337034752211,0.30845157310302285,76.55768044417026,False,False
"Census Tract 148, Hudson County, New Jersey","5,995","4,326","1,032",113,7,442,0,17,58,5995.0,1032.0,113.0,442.0,17.0,4326.0,17.214345287739782,1.884904086738949,7.3728106755629685,0.2835696413678065,72.16013344453711,False,False
"Census Tract 149, Hudson County, New Jersey","3,116","1,915",523,37,2,563,0,26,50,3116.0,523.0,37.0,563.0,26.0,1915.0,16.78433889602054,1.1874197689345314,18.06803594351733,0.8344030808729139,61.45699614890886,False,False
"Census Tract 150.01, Hudson County, New Jersey","2,185",366,"1,127",143,3,493,1,19,33,2185.0,1127.0,143.0,493.0,19.0,366.0,51.578947368421055,6.54462242562929,22.5629290617849,0.8695652173913043,16.750572082379865,False,False
"Census Tract 150.02, Hudson County, New Jersey","5,977","4,520",985,159,5,243,1,26,38,5977.0,985.0,159.0,243.0,26.0,4520.0,16.47983938430651,2.6601974234565837,4.065584741509118,0.43500083654007027,75.62322235235068,False,False
"Census Tract 151, Hudson County, New Jersey","3,014","2,359",510,28,5,67,2,7,36,3014.0,510.0,28.0,67.0,7.0,2359.0,16.921035169210352,0.92899800928998,2.2229595222295955,0.232249502322495,78.26808228268082,False,False
"Census Tract 152.01, Hudson County, New Jersey","2,734",453,"1,464",127,3,603,0,21,63,2734.0,1464.0,127.0,603.0,21.0,453.0,53.54791514264814,4.6452084857351865,22.05559619604974,0.7681053401609363,16.56912948061448,False,False
"Census Tract 152.02, Hudson County, New Jersey","5,980","4,214","1,061",199,6,393,0,22,85,5980.0,1061.0,199.0,393.0,22.0,4214.0,17.74247491638796,3.327759197324415,6.5719063545150505,0.36789297658862874,70.46822742474916,False,False
"Census Tract 153, Hudson County, New Jersey","4,417","3,751",415,67,3,151,0,7,23,4417.0,415.0,67.0,151.0,7.0,3751.0,9.395517319447588,1.5168666515734663,3.4186099162327372,0.15847860538827258,84.92189268734435,False,False
"Census Tract 155, Hudson County, New Jersey","4,705","4,177",383,43,1,62,0,15,24,4705.0,383.0,43.0,62.0,15.0,4177.0,8.140276301806589,0.9139213602550479,1.3177470775770457,0.3188097768331562,88.7778958554729,False,False
"Census Tract 156, Hudson County, New Jersey","3,928","3,544",276,46,0,49,0,3,10,3928.0,276.0,46.0,49.0,3.0,3544.0,7.026476578411406,1.1710794297352343,1.2474541751527495,0.07637474541751527,90.22403258655804,False,False
"Census Tract 157, Hudson County, New Jersey","3,861","3,545",189,49,7,62,0,6,3,3861.0,189.0,49.0,62.0,6.0,3545.0,4.895104895104895,1.269101269101269,1.6058016058016058,0.1554001554001554,91.81559181559182,False,False
"Census Tract 158.01, Hudson County, New Jersey","2,972",273,"1,281",114,3,"1,228",1,9,63,2972.0,1281.0,114.0,1228.0,9.0,273.0,43.10228802153432,3.835800807537012,41.318977119784655,0.3028263795423957,9.185733512786003,False,False
"Census Tract 158.02, Hudson County, New Jersey","5,813","4,946",562,91,5,166,0,18,25,5813.0,562.0,91.0,166.0,18.0,4946.0,9.66798554963014,1.565456734904524,2.8556683296060554,0.30965078272836744,85.0851539652503,True,False
"Census Tract 159, Hudson County, New Jersey","5,607","5,225",225,43,6,63,2,8,35,5607.0,225.0,43.0,63.0,8.0,5225.0,4.012841091492777,0.7668985197075086,1.1235955056179776,0.14267879436418762,93.18708756911003,False,False
"Census Tract 160, Hudson County, New Jersey","3,284","2,998",208,27,1,44,0,2,4,3284.0,208.0,27.0,44.0,2.0,2998.0,6.333739342265529,0.8221680876979294,1.3398294762484775,0.06090133982947624,91.2911084043849,True,False
"Census Tract 161, Hudson County, New Jersey","3,539","3,223",179,48,2,60,1,15,11,3539.0,179.0,48.0,60.0,15.0,3223.0,5.057925967787511,1.3563153433173212,1.6953941791466518,0.42384854478666295,91.07092398982763,True,False
"Census Tract 162, Hudson County, New Jersey","4,895 (r46426)","4,449",300,55,7,48,2,16,18,4895.0,300.0,55.0,48.0,16.0,4449.0,6.128702757916241,1.1235955056179776,0.9805924412665985,0.3268641470888662,90.88866189989785,True,False
"Census Tract 163, Hudson County, New Jersey","4,441","3,918",333,51,2,119,0,6,12,4441.0,333.0,51.0,119.0,6.0,3918.0,7.49831119117316,1.148390002251745,2.6795766719207386,0.13510470614726414,88.22337311416348,False,False
"Census Tract 164, Hudson County, New Jersey","3,805","3,386",310,37,2,43,1,10,16,3805.0,310.0,37.0,43.0,10.0,3386.0,8.14717477003942,0.9724047306176085,1.1300919842312747,0.2628120893561104,88.98817345597898,False,False
"Census Tract 165, Hudson County, New Jersey","4,172","3,113",813,81,2,124,1,9,29,4172.0,813.0,81.0,124.0,9.0,3113.0,19.48705656759348,1.9415148609779485,2.972195589645254,0.21572387344199426,74.61649089165869,False,False
"Census Tract 166, Hudson County, New Jersey","3,737","3,163",434,52,2,61,0,12,13,3737.0,434.0,52.0,61.0,12.0,3163.0,11.613593791811613,1.3914905004013913,1.6323253947016323,0.3211131924003211,84.64008563018464,False,False
"Census Tract 167, Hudson County, New Jersey","1,529","1,368",93,13,1,42,0,8,4,1529.0,93.0,13.0,42.0,8.0,1368.0,6.0824068018312625,0.8502289077828646,2.746893394375409,0.5232177894048398,89.4702419882276,False,False
"Census Tract 168, Hudson County, New Jersey","3,321","2,935",242,63,1,60,0,12,8,3321.0,242.0,63.0,60.0,12.0,2935.0,7.286961758506474,1.8970189701897018,1.8066847335140017,0.36133694670280037,88.37699488105993,False,False
"Census Tract 169, Hudson County, New Jersey","3,404","2,986",332,31,2,33,0,15,5,3404.0,332.0,31.0,33.0,15.0,2986.0,9.753231492361927,0.9106933019976499,0.9694477085781434,0.4406580493537015,87.72032902467684,False,False
"Census Tract 170, Hudson County, New Jersey","4,707","4,250",289,63,10,66,2,2,25,4707.0,289.0,63.0,66.0,2.0,4250.0,6.139791799447631,1.338432122370937,1.4021669853409815,0.04248990864669641,90.29105587422987,False,False
"Census Tract 171, Hudson County, New Jersey","5,137","4,275",636,96,0,89,0,10,31,5137.0,636.0,96.0,89.0,10.0,4275.0,12.380766984621374,1.8687950165466225,1.7325287132567646,0.19466614755693984,83.2197780805918,False,False
"Census Tract 172, Hudson County, New Jersey","3,208","2,738",372,30,1,45,0,12,10,3208.0,372.0,30.0,45.0,12.0,2738.0,11.596009975062344,0.9351620947630923,1.4027431421446384,0.3740648379052369,85.3491271820449,False,False
"Census Tract 173, Hudson County, New Jersey","2,379","1,448",732,53,2,110,0,6,28,2379.0,732.0,53.0,110.0,6.0,1448.0,30.76923076923077,2.2278268179907523,4.623791509037411,0.25220680958385877,60.865910046237914,False,False
"Census Tract 174, Hudson County, New Jersey","2,663","2,362",209,48,3,10,2,21,8,2663.0,209.0,48.0,10.0,21.0,2362.0,7.848291400675929,1.8024784078107396,0.3755163349605708,0.7885843034171987,88.69695831768682,False,False
"Census Tract 175, Hudson County, New Jersey","4,089","3,763",220,53,2,32,0,9,10,4089.0,220.0,53.0,32.0,9.0,3763.0,5.380288579114699,1.2961604304230863,0.7825874296894106,0.22010271460014674,92.02739056003912,False,False
"Census Tract 176, Hudson County, New Jersey","3,075","2,735",199,45,2,64,0,15,15,3075.0,199.0,45.0,64.0,15.0,2735.0,6.471544715447155,1.4634146341463417,2.08130081300813,0.4878048780487805,88.9430894308943,False,False
"Census Tract 177, Hudson County, New Jersey","1,959","1,468",234,92,2,131,0,4,28,1959.0,234.0,92.0,131.0,4.0,1468.0,11.944869831546708,4.696273608984176,6.687085247575293,0.20418580908626852,74.93619193466054,False,False
"Census Tract 178, Hudson County, New Jersey","6,395","4,711","1,113",159,5,310,0,29,68,6395.0,1113.0,159.0,310.0,29.0,4711.0,17.404222048475372,2.4863174354964817,4.847537138389367,0.4534792806880375,73.66692728694292,False,False
"Census Tract 179, Hudson County, New Jersey","1,550",233,913,58,0,322,0,0,24,1550.0,913.0,58.0,322.0,0.0,233.0,58.90322580645161,3.741935483870968,20.774193548387096,0.0,15.03225806451613,True,False
"Census Tract 180, Hudson County, New Jersey","3,961","2,105","1,365",129,3,276,1,21,61,3961.0,1365.0,129.0,276.0,21.0,2105.0,34.460994698308504,3.25675334511487,6.967937389548094,0.5301691492047462,53.143145670285286,False,False
"Census Tract 181, Hudson County, New Jersey","2,854","1,309","1,273",71,4,156,0,5,36,2854.0,1273.0,71.0,156.0,5.0,1309.0,44.60406447091801,2.4877365101611773,5.466012613875263,0.17519271198318148,45.865451997196914,False,False
"Census Tract 182, Hudson County, New Jersey","4,189","1,408","2,299",154,7,256,0,10,55,4189.0,2299.0,154.0,256.0,10.0,1408.0,54.88183337312008,3.6762950584865126,6.111243733587968,0.23872045834328004,33.61184053473383,False,False
"Census Tract 183.01, Hudson County, New Jersey","1,802",63,"1,473",27,0,202,0,4,33,1802.0,1473.0,27.0,202.0,4.0,63.0,81.74250832408435,1.4983351831298557,11.20976692563818,0.22197558268590456,3.4961154273029966,False,False
"Census Tract 183.02, Hudson County, New Jersey","3,124",196,"2,620",14,1,222,0,16,55,3124.0,2620.0,14.0,222.0,16.0,196.0,83.86683738796414,0.44814340588988477,7.106274007682459,0.5121638924455826,6.274007682458387,False,False
"Census Tract 184, Hudson County, New Jersey","4,948",861,"3,544",99,8,354,2,10,70,4948.0,3544.0,99.0,354.0,10.0,861.0,71.62489894907034,2.0008084074373484,7.154405820533549,0.20210185933710592,17.40097008892482,False,False
"Census Tract 185, Hudson County, New Jersey","6,153",890,"4,677",119,5,352,1,7,102,6153.0,4677.0,119.0,352.0,7.0,890.0,76.01170160897124,1.9340159271899888,5.720786608158622,0.11376564277588168,14.464488867219243,True,False
"Census Tract 186, Hudson County, New Jersey","2,365",223,"1,900",31,3,173,0,4,31,2365.0,1900.0,31.0,173.0,4.0,223.0,80.33826638477801,1.3107822410147991,7.3150105708245245,0.16913319238900634,9.429175475687103,False,False
"Census Tract 187.01, Hudson County, New Jersey","2,936",198,"2,333",57,3,270,1,6,68,2936.0,2333.0,57.0,270.0,6.0,198.0,79.46185286103542,1.9414168937329699,9.196185286103542,0.20435967302452315,6.743869209809264,False,False
"Census Tract 187.02, Hudson County, New Jersey","4,273",872,"3,051",65,3,204,1,13,64,4273.0,3051.0,65.0,204.0,13.0,872.0,71.40182541539902,1.5211794991809033,4.77416335127545,0.30423589983618066,20.407208050549965,False,False
"Census Tract 188, Hudson County, New Jersey","3,258",307,"2,595",57,1,236,1,8,53,3258.0,2595.0,57.0,236.0,8.0,307.0,79.6500920810313,1.7495395948434622,7.243707796193983,0.24554941682013504,9.422958870472682,False,False
"Census Tract 189, Hudson County, New Jersey","3,554",492,"2,684",55,0,248,0,8,67,3554.0,2684.0,55.0,248.0,8.0,492.0,75.52054023635341,1.5475520540236354,6.978052898142938,0.22509848058525606,13.843556555993247,True,False
"Census Tract 190, Hudson County, New Jersey","4,614","1,701","2,126",572,0,137,3,15,60,4614.0,2126.0,572.0,137.0,15.0,1701.0,46.07715648027742,12.397052449068054,2.9692241005635025,0.3250975292587776,36.866059817945384,True,False
"Census Tract 191, Hudson County, New Jersey","3,392",648,"2,386",69,1,228,0,9,51,3392.0,2386.0,69.0,228.0,9.0,648.0,70.34198113207547,2.0341981132075473,6.721698113207547,0.2653301886792453,19.10377358490566,True,False
"Census Tract 192, Hudson County, New Jersey","3,928",269,"2,997",47,2,513,0,8,92,3928.0,2997.0,47.0,513.0,8.0,269.0,76.29837067209776,1.1965376782077393,13.060081466395113,0.20366598778004072,6.84826883910387,True,False
"Census Tract 193, Hudson County, New Jersey","2,813",490,"2,059",30,0,189,2,3,40,2813.0,2059.0,30.0,189.0,3.0,490.0,73.19587628865979,1.0664770707429791,6.718805545680769,0.10664770707429791,17.41912548880199,True,True
"Census Tract 194, Hudson County, New Jersey","2,845",392,"2,162",47,6,188,0,6,44,2845.0,2162.0,47.0,188.0,6.0,392.0,75.99297012302286,1.6520210896309315,6.608084358523726,0.210896309314587,13.778558875219685,True,True
"Census Tract 198, Hudson County, New Jersey","5,669",962,"3,376",97,3,"1,105",0,12,114,5669.0,3376.0,97.0,1105.0,12.0,962.0,59.551949197389305,1.7110601517022404,19.49197389310284,0.21167754454048332,16.969483153995412,False,False
"Census Tract 199, Hudson County, New Jersey","4,725",828,"2,376",181,9,"1,260",1,10,60,4725.0,2376.0,181.0,1260.0,10.0,828.0,50.28571428571429,3.830687830687831,26.666666666666668,0.21164021164021166,17.523809523809526,False,False
"Census Tract 200, Hudson County, New Jersey","5,157 (r46427)","1,055","3,098",232,9,695,0,7,61,5157.0,3098.0,232.0,695.0,7.0,1055.0,60.07368625169672,4.498739577273609,13.476827612953269,0.1357378320729106,20.457630405274386,False,True
"Census Tract 201, Hudson County, New Jersey",713,180,241,65,2,209,0,4,12,,,,,,,,,,,,False,True
"Census Tract 324, Hudson County, New Jersey","6,407","5,686",507,67,4,83,0,16,44,6407.0,507.0,67.0,83.0,16.0,5686.0,7.9132199157171845,1.0457312314655844,1.2954580927110972,0.24972686124551274,88.74668331512409,False,False
"Census Tract 9801, Hudson County, New Jersey",0,0,0,0,0,0,0,0,0,,,,,,,,,,,,False,False
